--
-- PostgreSQL database dump
--

-- Dumped from database version 15.7
-- Dumped by pg_dump version 15.7

SET statement_timeout = 0;
SET lock_timeout = 0;
SET idle_in_transaction_session_timeout = 0;
SET client_encoding = 'UTF8';
SET standard_conforming_strings = on;
SELECT pg_catalog.set_config('search_path', '', false);
SET check_function_bodies = false;
SET xmloption = content;
SET client_min_messages = warning;
SET row_security = off;

SET default_tablespace = '';

SET default_table_access_method = heap;

--
-- Name: AspNetRoleClaims; Type: TABLE; Schema: public; Owner: postgres
--

CREATE TABLE public."AspNetRoleClaims" (
    "Id" integer NOT NULL,
    "RoleId" text NOT NULL,
    "ClaimType" text,
    "ClaimValue" text
);


ALTER TABLE public."AspNetRoleClaims" OWNER TO postgres;

--
-- Name: AspNetRoleClaims_Id_seq; Type: SEQUENCE; Schema: public; Owner: postgres
--

ALTER TABLE public."AspNetRoleClaims" ALTER COLUMN "Id" ADD GENERATED BY DEFAULT AS IDENTITY (
    SEQUENCE NAME public."AspNetRoleClaims_Id_seq"
    START WITH 1
    INCREMENT BY 1
    NO MINVALUE
    NO MAXVALUE
    CACHE 1
);


--
-- Name: AspNetRoles; Type: TABLE; Schema: public; Owner: postgres
--

CREATE TABLE public."AspNetRoles" (
    "Id" text NOT NULL,
    "Name" character varying(256),
    "NormalizedName" character varying(256),
    "ConcurrencyStamp" text
);


ALTER TABLE public."AspNetRoles" OWNER TO postgres;

--
-- Name: AspNetUserClaims; Type: TABLE; Schema: public; Owner: postgres
--

CREATE TABLE public."AspNetUserClaims" (
    "Id" integer NOT NULL,
    "UserId" text NOT NULL,
    "ClaimType" text,
    "ClaimValue" text
);


ALTER TABLE public."AspNetUserClaims" OWNER TO postgres;

--
-- Name: AspNetUserClaims_Id_seq; Type: SEQUENCE; Schema: public; Owner: postgres
--

ALTER TABLE public."AspNetUserClaims" ALTER COLUMN "Id" ADD GENERATED BY DEFAULT AS IDENTITY (
    SEQUENCE NAME public."AspNetUserClaims_Id_seq"
    START WITH 1
    INCREMENT BY 1
    NO MINVALUE
    NO MAXVALUE
    CACHE 1
);


--
-- Name: AspNetUserLogins; Type: TABLE; Schema: public; Owner: postgres
--

CREATE TABLE public."AspNetUserLogins" (
    "LoginProvider" text NOT NULL,
    "ProviderKey" text NOT NULL,
    "ProviderDisplayName" text,
    "UserId" text NOT NULL
);


ALTER TABLE public."AspNetUserLogins" OWNER TO postgres;

--
-- Name: AspNetUserRoles; Type: TABLE; Schema: public; Owner: postgres
--

CREATE TABLE public."AspNetUserRoles" (
    "UserId" text NOT NULL,
    "RoleId" text NOT NULL
);


ALTER TABLE public."AspNetUserRoles" OWNER TO postgres;

--
-- Name: AspNetUserTokens; Type: TABLE; Schema: public; Owner: postgres
--

CREATE TABLE public."AspNetUserTokens" (
    "UserId" text NOT NULL,
    "LoginProvider" text NOT NULL,
    "Name" text NOT NULL,
    "Value" text
);


ALTER TABLE public."AspNetUserTokens" OWNER TO postgres;

--
-- Name: AspNetUsers; Type: TABLE; Schema: public; Owner: postgres
--

CREATE TABLE public."AspNetUsers" (
    "Id" text NOT NULL,
    "UserName" character varying(256),
    "NormalizedUserName" character varying(256),
    "Email" character varying(256),
    "NormalizedEmail" character varying(256),
    "EmailConfirmed" boolean NOT NULL,
    "PasswordHash" text,
    "SecurityStamp" text,
    "ConcurrencyStamp" text,
    "PhoneNumber" text,
    "PhoneNumberConfirmed" boolean NOT NULL,
    "TwoFactorEnabled" boolean NOT NULL,
    "LockoutEnd" timestamp with time zone,
    "LockoutEnabled" boolean NOT NULL,
    "AccessFailedCount" integer NOT NULL
);


ALTER TABLE public."AspNetUsers" OWNER TO postgres;

--
-- Name: __EFMigrationsHistory; Type: TABLE; Schema: public; Owner: postgres
--

CREATE TABLE public."__EFMigrationsHistory" (
    "MigrationId" character varying(150) NOT NULL,
    "ProductVersion" character varying(32) NOT NULL
);


ALTER TABLE public."__EFMigrationsHistory" OWNER TO postgres;

--
-- Name: category; Type: TABLE; Schema: public; Owner: postgres
--

CREATE TABLE public.category (
    categoryid integer NOT NULL,
    categoryname character varying(64) NOT NULL,
    categorystatus integer NOT NULL
);


ALTER TABLE public.category OWNER TO postgres;

--
-- Name: category_categoryid_seq; Type: SEQUENCE; Schema: public; Owner: postgres
--

CREATE SEQUENCE public.category_categoryid_seq
    AS integer
    START WITH 1
    INCREMENT BY 1
    NO MINVALUE
    NO MAXVALUE
    CACHE 1;


ALTER TABLE public.category_categoryid_seq OWNER TO postgres;

--
-- Name: category_categoryid_seq; Type: SEQUENCE OWNED BY; Schema: public; Owner: postgres
--

ALTER SEQUENCE public.category_categoryid_seq OWNED BY public.category.categoryid;


--
-- Name: product; Type: TABLE; Schema: public; Owner: postgres
--

CREATE TABLE public.product (
    productid integer NOT NULL,
    productname character varying(128),
    unitprice numeric(18,2),
    unitinstock integer,
    productpicture character varying(256),
    categoryid integer NOT NULL,
    createddate timestamp without time zone DEFAULT CURRENT_TIMESTAMP NOT NULL,
    modifieddate timestamp without time zone
);


ALTER TABLE public.product OWNER TO postgres;

--
-- Name: product_productid_seq; Type: SEQUENCE; Schema: public; Owner: postgres
--

CREATE SEQUENCE public.product_productid_seq
    AS integer
    START WITH 1
    INCREMENT BY 1
    NO MINVALUE
    NO MAXVALUE
    CACHE 1;


ALTER TABLE public.product_productid_seq OWNER TO postgres;

--
-- Name: product_productid_seq; Type: SEQUENCE OWNED BY; Schema: public; Owner: postgres
--

ALTER SEQUENCE public.product_productid_seq OWNED BY public.product.productid;


--
-- Name: category categoryid; Type: DEFAULT; Schema: public; Owner: postgres
--

ALTER TABLE ONLY public.category ALTER COLUMN categoryid SET DEFAULT nextval('public.category_categoryid_seq'::regclass);


--
-- Name: product productid; Type: DEFAULT; Schema: public; Owner: postgres
--

ALTER TABLE ONLY public.product ALTER COLUMN productid SET DEFAULT nextval('public.product_productid_seq'::regclass);


--
-- Data for Name: AspNetRoleClaims; Type: TABLE DATA; Schema: public; Owner: postgres
--

COPY public."AspNetRoleClaims" ("Id", "RoleId", "ClaimType", "ClaimValue") FROM stdin;
\.


--
-- Data for Name: AspNetRoles; Type: TABLE DATA; Schema: public; Owner: postgres
--

COPY public."AspNetRoles" ("Id", "Name", "NormalizedName", "ConcurrencyStamp") FROM stdin;
8542942a-8245-4525-9440-0f0bd5455c1a	Admin	ADMIN	\N
2fbad655-6b77-4232-8abe-51b508e6b85f	Manager	MANAGER	\N
ae50af5c-c343-40b8-b4eb-9eb9ffd91b37	User	USER	\N
\.


--
-- Data for Name: AspNetUserClaims; Type: TABLE DATA; Schema: public; Owner: postgres
--

COPY public."AspNetUserClaims" ("Id", "UserId", "ClaimType", "ClaimValue") FROM stdin;
\.


--
-- Data for Name: AspNetUserLogins; Type: TABLE DATA; Schema: public; Owner: postgres
--

COPY public."AspNetUserLogins" ("LoginProvider", "ProviderKey", "ProviderDisplayName", "UserId") FROM stdin;
\.


--
-- Data for Name: AspNetUserRoles; Type: TABLE DATA; Schema: public; Owner: postgres
--

COPY public."AspNetUserRoles" ("UserId", "RoleId") FROM stdin;
6845442e-05ad-4605-9b89-0fcf880e4ce2	ae50af5c-c343-40b8-b4eb-9eb9ffd91b37
3b1f6847-f04c-4cb9-a507-897ef3742235	ae50af5c-c343-40b8-b4eb-9eb9ffd91b37
424df529-d521-49f6-98ca-31712d12fa8a	2fbad655-6b77-4232-8abe-51b508e6b85f
ef24b4ee-6e0c-45ed-9157-da76440d436f	8542942a-8245-4525-9440-0f0bd5455c1a
d4d0ebcc-c1f2-4d02-ba23-20cbe4e89c8d	ae50af5c-c343-40b8-b4eb-9eb9ffd91b37
17d6e995-4029-4d9e-b2c0-bcb34b820905	ae50af5c-c343-40b8-b4eb-9eb9ffd91b37
550ea698-8c2c-4250-bdab-d85bedeceed0	ae50af5c-c343-40b8-b4eb-9eb9ffd91b37
eb3d9f24-2a36-425d-8337-5a92230c3751	ae50af5c-c343-40b8-b4eb-9eb9ffd91b37
687cff2e-2b02-4e39-80af-8d146e6cfba9	ae50af5c-c343-40b8-b4eb-9eb9ffd91b37
\.


--
-- Data for Name: AspNetUserTokens; Type: TABLE DATA; Schema: public; Owner: postgres
--

COPY public."AspNetUserTokens" ("UserId", "LoginProvider", "Name", "Value") FROM stdin;
\.


--
-- Data for Name: AspNetUsers; Type: TABLE DATA; Schema: public; Owner: postgres
--

COPY public."AspNetUsers" ("Id", "UserName", "NormalizedUserName", "Email", "NormalizedEmail", "EmailConfirmed", "PasswordHash", "SecurityStamp", "ConcurrencyStamp", "PhoneNumber", "PhoneNumberConfirmed", "TwoFactorEnabled", "LockoutEnd", "LockoutEnabled", "AccessFailedCount") FROM stdin;
4291a773-6668-4558-90b9-e65ab6508d85	tusx	TUSX	tusx@email.com	TUSX@EMAIL.COM	f	AQAAAAIAAYagAAAAEFXlxhBk7aBFOoOgcEgcFhPR8PEbRTox0FI/FwLRPmNvrMHxItBRSUq5fMVDMbzobA==	OGK2SXOYNLNYW5ZRZL2USNSVI4XIXE35	2facc376-7411-4de1-8b13-a77899967a09	\N	f	f	\N	t	0
65d121fa-0976-4963-a64f-1d1fe229d250	Phonrat	PHONRAT	phonrat@email.com	PHONRAT@EMAIL.COM	f	AQAAAAIAAYagAAAAEJHOWDRLoUwvy9G/d59Y0X2GkusRPeM3nLnshchEze6V+BoiMCxnHHmYEvkMBNd05Q==	QVM2HYBJNZYCUNOAYWTVZ4KB43ODY72S	b6ba5bcb-02be-4a58-baa5-40ae13f55f5f	\N	f	f	\N	t	0
6845442e-05ad-4605-9b89-0fcf880e4ce2	SuperT	SUPERT	SuperT@email.com	SUPERT@EMAIL.COM	f	AQAAAAIAAYagAAAAEFe1pLmQDV+/3szL1xNxeG+DEXpzhK/6flOzO7HH36DrIbWwucj0DVCyNv7YImuTTQ==	DWNUM6BWEGXAOIV72FGUQWIOH2CXKPLD	968368cc-c6cf-41aa-ae25-336d2999698c	\N	f	f	\N	t	0
3b1f6847-f04c-4cb9-a507-897ef3742235	User	USER	user@email.com	USER@EMAIL.COM	f	AQAAAAIAAYagAAAAEEd3wiXCCttHWtoNFNIsH0QWVTlu0DVSHafc/WG15HCUsOcJn9X3zqPNMMx2+JGCBg==	2ILOKZA5FBLKOR6YV2DDA7S7HW7WUORW	4295c2fc-3919-4ed0-96f5-873da05ff72f	\N	f	f	\N	t	0
424df529-d521-49f6-98ca-31712d12fa8a	Manager	MANAGER	Manager@email.com	MANAGER@EMAIL.COM	f	AQAAAAIAAYagAAAAEBd2RYDDISgP2iL93s6rdkaDPBiFoumlbqvw8Fu+9G6f6nEkVC1kIr5OdwrUCLETNw==	2C5BGPVT76YJMQXWOR7QWLRDSWKFGZQO	f8fdb761-0b20-4c0b-8616-fac7effc54c1	\N	f	f	\N	t	0
ef24b4ee-6e0c-45ed-9157-da76440d436f	Admin	ADMIN	admin@email.com	ADMIN@EMAIL.COM	f	AQAAAAIAAYagAAAAEB62V8RKKpA4/xy5fHMheqcBJ4gWnzbx+5VTE6ljvXqSuqSIFOq77y1b5aj8xAAkFA==	W723AZMSGERUYEFPHGICSBULM2NAMVZE	d14d9273-25fd-4047-8533-a1902b3f879e	\N	f	f	\N	t	0
d4d0ebcc-c1f2-4d02-ba23-20cbe4e89c8d	phonrat007	PHONRAT007	phonrat1@email.com	PHONRAT1@EMAIL.COM	f	AQAAAAIAAYagAAAAEJLt8wNEJLbqYtPe+GY5TrRdqxnB1YPI/AwCqSesF87xhbuZBrVuTPzHEgg0TitzkQ==	SWJ7HIFZKW7HCUYBJGZSTALBLUPEWUAG	cb57fd89-3023-45f2-be48-68ece5a28123	\N	f	f	\N	t	0
17d6e995-4029-4d9e-b2c0-bcb34b820905	phonrat@vn.co.th	PHONRAT@VN.CO.TH	phonrat@vn.co.th	PHONRAT@VN.CO.TH	f	AQAAAAIAAYagAAAAEJnHn/2xdr6Uwj0DclC4DUdn6xsPHS9eGF2WXCPv1Aop4HtvYOoSfU3UOkVN/BbCGA==	XS5UQEPGKRD3TZIDS2NO7NZB6KTK3UVE	d7cb192f-f37f-452c-a467-65d036659d0d	\N	f	f	\N	t	0
550ea698-8c2c-4250-bdab-d85bedeceed0	Supretus	SUPRETUS	phonrat0x@gmail.com	PHONRAT0X@GMAIL.COM	f	AQAAAAIAAYagAAAAENnJUXsFEj8CDMOo1o4+GciHDtT73CctIuN30/Y1HMP7kdEO6CLUWF6ZFQ+5jFd+Dw==	N2ZPNQF4KHCO7SUH57P4K7F4CMX6K22L	36b63859-6ea3-420e-b0f2-64b86e4e954f	\N	f	f	\N	t	0
eb3d9f24-2a36-425d-8337-5a92230c3751	test09	TEST09	tesxt@gmail.com	TESXT@GMAIL.COM	f	AQAAAAIAAYagAAAAELe61LyJ6nDff2S2JFsVWe5rhtmS5ScWFkKA5KR8L2ZvUEg3qKoK1vNPVN//9pPCrQ==	RFS4VWORVRHG5LZRFTQUAU7WIRDEXIIA	0d126b62-e17c-4e08-acc7-f347f6bc642a	\N	f	f	\N	t	0
687cff2e-2b02-4e39-80af-8d146e6cfba9	Superx	SUPERX	superx@gmail.com	SUPERX@GMAIL.COM	f	AQAAAAIAAYagAAAAELTF9wHAc+NcD+jkQCw7ZRNSOB54BRSHGZ6Ne5VjaRlLEZv+zZipRmowTm4Gw6DueQ==	XBMMF6NKAVM2CBSI53YOUYV76PXOHCZT	04140aa6-a3df-42c9-bc97-df60ea5fcf6f	\N	f	f	\N	t	0
\.


--
-- Data for Name: __EFMigrationsHistory; Type: TABLE DATA; Schema: public; Owner: postgres
--

COPY public."__EFMigrationsHistory" ("MigrationId", "ProductVersion") FROM stdin;
20240807053731_auth	8.0.0
\.


--
-- Data for Name: category; Type: TABLE DATA; Schema: public; Owner: postgres
--

COPY public.category (categoryid, categoryname, categorystatus) FROM stdin;
6	JUNG	2
1	Sneakers	1
2	Boots	1
3	Sandals	1
4	Heels	1
\.


--
-- Data for Name: product; Type: TABLE DATA; Schema: public; Owner: postgres
--

COPY public.product (productid, productname, unitprice, unitinstock, productpicture, categoryid, createddate, modifieddate) FROM stdin;
8	TESTPHONE	2000.00	1	noimg.jpg	2	2024-08-07 09:08:43	2024-08-07 09:08:43
2	iPad Pro 2021	18500.00	10	noimg.jpg	2	2021-11-20 00:00:00	2021-11-20 00:00:00
3	Airpods Pro	12500.00	5	noimg.jpg	3	2021-11-10 10:30:00	2021-11-12 10:30:00
4	Macbook Pro M1	45000.00	10	noimg.jpg	4	2021-11-15 10:30:00	2021-11-15 10:30:00
5	Infinix	20000.00	10	noimg.jpg	1	2024-08-07 09:08:43	2024-08-07 09:08:43
9	AirBlue	7000.00	10	edeacb5a-ea11-4e08-bc5e-a2281ef5e39e.jpg	1	2024-08-20 10:59:51	2024-08-20 10:59:51
10	NEW BALANCE	5000.00	5	1917a358-01b3-4101-a403-0844658fafcd.jpg	1	2024-08-20 11:13:31	2024-08-20 11:13:31
13	TEST	100.00	1	b0b27dce-b3e0-4299-8d69-35252ead20b0.webp	4	2024-08-20 11:39:40	2024-08-20 11:39:40
14	H&M Woman Heeled strappy sandals 1227676	1250.00	10	7504872d-50c4-4fb8-ab7f-9349f36b5b13.webp	4	2024-08-20 13:35:40	2024-08-20 13:35:40
12	NEW BALANCE2	3000.00	1	72010ec7-4608-4927-bc23-3c74ef731838.jpg	1	2024-08-20 11:27:41	2024-08-20 11:27:41
11	TEST	2000.00	1	2c16fac3-0b2c-4136-ae19-0cb85d3f9a7c.gif	2	2024-08-20 11:15:38	2024-08-20 11:15:38
15	COOL CAT SANDAL รองเท้าแตะ	500.00	4	869b05a8-a906-44b2-8b99-cb7cfeeea294.webp	3	2024-08-20 14:55:52	2024-08-20 14:55:52
16	NEW BALANCE V8 TEST EDIT	80000.00	10	a0df55d3-18d5-4816-bf2d-ba711e3147a4.jpg	1	2024-08-20 19:55:21	2024-08-20 19:55:21
\.


--
-- Name: AspNetRoleClaims_Id_seq; Type: SEQUENCE SET; Schema: public; Owner: postgres
--

SELECT pg_catalog.setval('public."AspNetRoleClaims_Id_seq"', 1, false);


--
-- Name: AspNetUserClaims_Id_seq; Type: SEQUENCE SET; Schema: public; Owner: postgres
--

SELECT pg_catalog.setval('public."AspNetUserClaims_Id_seq"', 1, false);


--
-- Name: category_categoryid_seq; Type: SEQUENCE SET; Schema: public; Owner: postgres
--

SELECT pg_catalog.setval('public.category_categoryid_seq', 6, true);


--
-- Name: product_productid_seq; Type: SEQUENCE SET; Schema: public; Owner: postgres
--

SELECT pg_catalog.setval('public.product_productid_seq', 16, true);


--
-- Name: AspNetRoleClaims PK_AspNetRoleClaims; Type: CONSTRAINT; Schema: public; Owner: postgres
--

ALTER TABLE ONLY public."AspNetRoleClaims"
    ADD CONSTRAINT "PK_AspNetRoleClaims" PRIMARY KEY ("Id");


--
-- Name: AspNetRoles PK_AspNetRoles; Type: CONSTRAINT; Schema: public; Owner: postgres
--

ALTER TABLE ONLY public."AspNetRoles"
    ADD CONSTRAINT "PK_AspNetRoles" PRIMARY KEY ("Id");


--
-- Name: AspNetUserClaims PK_AspNetUserClaims; Type: CONSTRAINT; Schema: public; Owner: postgres
--

ALTER TABLE ONLY public."AspNetUserClaims"
    ADD CONSTRAINT "PK_AspNetUserClaims" PRIMARY KEY ("Id");


--
-- Name: AspNetUserLogins PK_AspNetUserLogins; Type: CONSTRAINT; Schema: public; Owner: postgres
--

ALTER TABLE ONLY public."AspNetUserLogins"
    ADD CONSTRAINT "PK_AspNetUserLogins" PRIMARY KEY ("LoginProvider", "ProviderKey");


--
-- Name: AspNetUserRoles PK_AspNetUserRoles; Type: CONSTRAINT; Schema: public; Owner: postgres
--

ALTER TABLE ONLY public."AspNetUserRoles"
    ADD CONSTRAINT "PK_AspNetUserRoles" PRIMARY KEY ("UserId", "RoleId");


--
-- Name: AspNetUserTokens PK_AspNetUserTokens; Type: CONSTRAINT; Schema: public; Owner: postgres
--

ALTER TABLE ONLY public."AspNetUserTokens"
    ADD CONSTRAINT "PK_AspNetUserTokens" PRIMARY KEY ("UserId", "LoginProvider", "Name");


--
-- Name: AspNetUsers PK_AspNetUsers; Type: CONSTRAINT; Schema: public; Owner: postgres
--

ALTER TABLE ONLY public."AspNetUsers"
    ADD CONSTRAINT "PK_AspNetUsers" PRIMARY KEY ("Id");


--
-- Name: __EFMigrationsHistory PK___EFMigrationsHistory; Type: CONSTRAINT; Schema: public; Owner: postgres
--

ALTER TABLE ONLY public."__EFMigrationsHistory"
    ADD CONSTRAINT "PK___EFMigrationsHistory" PRIMARY KEY ("MigrationId");


--
-- Name: category category_pkey; Type: CONSTRAINT; Schema: public; Owner: postgres
--

ALTER TABLE ONLY public.category
    ADD CONSTRAINT category_pkey PRIMARY KEY (categoryid);


--
-- Name: product product_pkey; Type: CONSTRAINT; Schema: public; Owner: postgres
--

ALTER TABLE ONLY public.product
    ADD CONSTRAINT product_pkey PRIMARY KEY (productid);


--
-- Name: EmailIndex; Type: INDEX; Schema: public; Owner: postgres
--

CREATE INDEX "EmailIndex" ON public."AspNetUsers" USING btree ("NormalizedEmail");


--
-- Name: IX_AspNetRoleClaims_RoleId; Type: INDEX; Schema: public; Owner: postgres
--

CREATE INDEX "IX_AspNetRoleClaims_RoleId" ON public."AspNetRoleClaims" USING btree ("RoleId");


--
-- Name: IX_AspNetUserClaims_UserId; Type: INDEX; Schema: public; Owner: postgres
--

CREATE INDEX "IX_AspNetUserClaims_UserId" ON public."AspNetUserClaims" USING btree ("UserId");


--
-- Name: IX_AspNetUserLogins_UserId; Type: INDEX; Schema: public; Owner: postgres
--

CREATE INDEX "IX_AspNetUserLogins_UserId" ON public."AspNetUserLogins" USING btree ("UserId");


--
-- Name: IX_AspNetUserRoles_RoleId; Type: INDEX; Schema: public; Owner: postgres
--

CREATE INDEX "IX_AspNetUserRoles_RoleId" ON public."AspNetUserRoles" USING btree ("RoleId");


--
-- Name: RoleNameIndex; Type: INDEX; Schema: public; Owner: postgres
--

CREATE UNIQUE INDEX "RoleNameIndex" ON public."AspNetRoles" USING btree ("NormalizedName");


--
-- Name: UserNameIndex; Type: INDEX; Schema: public; Owner: postgres
--

CREATE UNIQUE INDEX "UserNameIndex" ON public."AspNetUsers" USING btree ("NormalizedUserName");


--
-- Name: AspNetRoleClaims FK_AspNetRoleClaims_AspNetRoles_RoleId; Type: FK CONSTRAINT; Schema: public; Owner: postgres
--

ALTER TABLE ONLY public."AspNetRoleClaims"
    ADD CONSTRAINT "FK_AspNetRoleClaims_AspNetRoles_RoleId" FOREIGN KEY ("RoleId") REFERENCES public."AspNetRoles"("Id") ON DELETE CASCADE;


--
-- Name: AspNetUserClaims FK_AspNetUserClaims_AspNetUsers_UserId; Type: FK CONSTRAINT; Schema: public; Owner: postgres
--

ALTER TABLE ONLY public."AspNetUserClaims"
    ADD CONSTRAINT "FK_AspNetUserClaims_AspNetUsers_UserId" FOREIGN KEY ("UserId") REFERENCES public."AspNetUsers"("Id") ON DELETE CASCADE;


--
-- Name: AspNetUserLogins FK_AspNetUserLogins_AspNetUsers_UserId; Type: FK CONSTRAINT; Schema: public; Owner: postgres
--

ALTER TABLE ONLY public."AspNetUserLogins"
    ADD CONSTRAINT "FK_AspNetUserLogins_AspNetUsers_UserId" FOREIGN KEY ("UserId") REFERENCES public."AspNetUsers"("Id") ON DELETE CASCADE;


--
-- Name: AspNetUserRoles FK_AspNetUserRoles_AspNetRoles_RoleId; Type: FK CONSTRAINT; Schema: public; Owner: postgres
--

ALTER TABLE ONLY public."AspNetUserRoles"
    ADD CONSTRAINT "FK_AspNetUserRoles_AspNetRoles_RoleId" FOREIGN KEY ("RoleId") REFERENCES public."AspNetRoles"("Id") ON DELETE CASCADE;


--
-- Name: AspNetUserRoles FK_AspNetUserRoles_AspNetUsers_UserId; Type: FK CONSTRAINT; Schema: public; Owner: postgres
--

ALTER TABLE ONLY public."AspNetUserRoles"
    ADD CONSTRAINT "FK_AspNetUserRoles_AspNetUsers_UserId" FOREIGN KEY ("UserId") REFERENCES public."AspNetUsers"("Id") ON DELETE CASCADE;


--
-- Name: AspNetUserTokens FK_AspNetUserTokens_AspNetUsers_UserId; Type: FK CONSTRAINT; Schema: public; Owner: postgres
--

ALTER TABLE ONLY public."AspNetUserTokens"
    ADD CONSTRAINT "FK_AspNetUserTokens_AspNetUsers_UserId" FOREIGN KEY ("UserId") REFERENCES public."AspNetUsers"("Id") ON DELETE CASCADE;


--
-- PostgreSQL database dump complete
--

